{
  "js": {
    "are_we_fast_yet/bounce": {
      "mean": 0.06768055351463413,
      "stddev": 0.0032741051072674265,
      "arg": 0
    },
    "are_we_fast_yet/list_tail": {
      "mean": 0.06596604635727274,
      "stddev": 0.0027785612018922344,
      "arg": 0
    },
    "are_we_fast_yet/mandelbrot": {
      "mean": 0.06450023230818182,
      "stddev": 0.002632772037910918,
      "arg": 0
    },
    "are_we_fast_yet/nbody": {
      "mean": 0.06674671268181817,
      "stddev": 0.0033099259395286866,
      "arg": 0
    },
    "are_we_fast_yet/permute": {
      "mean": 0.0697065844790909,
      "stddev": 0.003460706307520254,
      "arg": 0
    },
    "are_we_fast_yet/queens": {
      "mean": 0.06876634135473686,
      "stddev": 0.006172339035578042,
      "arg": 0
    },
    "are_we_fast_yet/sieve": {
      "mean": 0.06760353030380954,
      "stddev": 0.003135392389638892,
      "arg": 0
    },
    "are_we_fast_yet/storage": {
      "mean": 0.07450177554571429,
      "stddev": 0.004363951096218724,
      "arg": 0
    },
    "are_we_fast_yet/towers": {
      "mean": 0.07219827709000001,
      "stddev": 0.00311258336988771,
      "arg": 0
    }
  },
  "python": {
    "are_we_fast_yet/bounce": {
      "arg": 0
    },
    "are_we_fast_yet/list_tail": {
      "arg": 0
    },
    "are_we_fast_yet/mandelbrot": {
      "arg": 0
    },
    "are_we_fast_yet/nbody": {
      "arg": 0
    },
    "are_we_fast_yet/permute": {
      "arg": 0
    },
    "are_we_fast_yet/queens": {
      "arg": 0
    },
    "are_we_fast_yet/sieve": {
      "arg": 0
    },
    "are_we_fast_yet/storage": {
      "arg": 0
    },
    "are_we_fast_yet/towers": {
      "arg": 0
    }
  },
  "java": {
    "are_we_fast_yet/bounce": {
      "mean": 0.21855459012461542,
      "stddev": 0.006515077537965397,
      "arg": 0
    },
    "are_we_fast_yet/list_tail": {
      "mean": 0.21739127428999996,
      "stddev": 0.011742550454481665,
      "arg": 0
    },
    "are_we_fast_yet/mandelbrot": {
      "mean": 0.2096944543114286,
      "stddev": 0.005437695928069533,
      "arg": 0
    },
    "are_we_fast_yet/nbody": {
      "mean": 0.22057591261090906,
      "stddev": 0.016073674065752615,
      "arg": 0
    },
    "are_we_fast_yet/permute": {
      "mean": 0.2108825967661539,
      "stddev": 0.009741059341400436,
      "arg": 0
    },
    "are_we_fast_yet/queens": {
      "mean": 0.21646856806307693,
      "stddev": 0.009232744313635263,
      "arg": 0
    },
    "are_we_fast_yet/sieve": {
      "mean": 0.20997057280153847,
      "stddev": 0.007774881201861884,
      "arg": 0
    },
    "are_we_fast_yet/storage": {
      "mean": 0.22294050536857143,
      "stddev": 0.009086786458404614,
      "arg": 0
    },
    "are_we_fast_yet/towers": {
      "mean": 0.21519004579142859,
      "stddev": 0.012015959360448992,
      "arg": 0
    }
  },
  "cpp": {
    "are_we_fast_yet/bounce": {
      "mean": 0.0014974807492506936,
      "stddev": 0.00019613753181900177,
      "arg": 0
    },
    "are_we_fast_yet/list_tail": {
      "mean": 0.0015142562795262267,
      "stddev": 0.00014130630548377278,
      "arg": 0
    },
    "are_we_fast_yet/mandelbrot": {
      "mean": 0.0016139633336878841,
      "stddev": 0.00021844137960674425,
      "arg": 0
    },
    "are_we_fast_yet/nbody": {
      "mean": 0.0014846913501314445,
      "stddev": 0.00022625544383220918,
      "arg": 0
    },
    "are_we_fast_yet/permute": {
      "mean": 0.0015704773105569441,
      "stddev": 0.000195407972171923,
      "arg": 0
    },
    "are_we_fast_yet/queens": {
      "mean": 0.0017119682917340498,
      "stddev": 0.0003196321172155954,
      "arg": 0
    },
    "are_we_fast_yet/sieve": {
      "mean": 0.0015687250607692308,
      "stddev": 0.0002404536525647896,
      "arg": 0
    },
    "are_we_fast_yet/storage": {
      "mean": 0.0021378661736996324,
      "stddev": 0.00023623652321342248,
      "arg": 0
    },
    "are_we_fast_yet/towers": {
      "mean": 0.001597062404150269,
      "stddev": 0.00023929881961444924,
      "arg": 0
    }
  },
  "rust": {
    "duality_of_compilation/erase_unused": {
      "mean": 5.847100318200001,
      "stddev": 0.1824795983237166,
      "arg": 10000
    },
    "duality_of_compilation/factorial_accumulator": {
      "mean": 0.21002346466666666,
      "stddev": 0.012958161703549902,
      "arg": 10000000
    },
    "duality_of_compilation/fibonacci_recursive": {
      "mean": 1.11033104062,
      "stddev": 0.013844765529727559,
      "arg": 40
    },
    "duality_of_compilation/iterate_increment": {
      "mean": 0.93783089412,
      "stddev": 0.026976722740093904,
      "arg": 100000000
    },
    "duality_of_compilation/lookup_tree": {
      "arg": 10000000
    },
    "duality_of_compilation/match_options": {
      "arg": 10000000
    },
    "duality_of_compilation/sum_range": {
      "arg": 10000000
    }
  },
  "koka": {
    "duality_of_compilation/erase_unused": {
      "mean": 15.253322030259998,
      "stddev": 0.22594324224515552,
      "arg": 10000
    },
    "duality_of_compilation/factorial_accumulator": {
      "mean": 0.16995632804235294,
      "stddev": 0.004704547153870444,
      "arg": 10000000
    },
    "duality_of_compilation/fibonacci_recursive": {
      "mean": 0.68787830602,
      "stddev": 0.016113302408075902,
      "arg": 40
    },
    "duality_of_compilation/iterate_increment": {
      "mean": 0.9590023863799999,
      "stddev": 0.015642406467549136,
      "arg": 100000000
    },
    "duality_of_compilation/lookup_tree": {
      "mean": 3.7931384214000006,
      "stddev": 0.1382101203779133,
      "arg": 10000000
    },
    "duality_of_compilation/match_options": {
      "mean": 0.6956323532199999,
      "stddev": 0.04883254814399673,
      "arg": 10000000
    },
    "duality_of_compilation/sum_range": {
      "mean": 3.81283548972,
      "stddev": 0.07928710230727502,
      "arg": 10000000
    }
  },
  "mlton": {
    "duality_of_compilation/erase_unused": {
      "mean": 0.029324734569999997,
      "stddev": 0.0015933011497766658,
      "arg": 10000
    },
    "duality_of_compilation/factorial_accumulator": {
      "mean": 0.16578058919333338,
      "stddev": 0.007589262232942371,
      "arg": 10000000
    },
    "duality_of_compilation/fibonacci_recursive": {
      "mean": 1.077741863,
      "stddev": 0.021868958866486078,
      "arg": 40
    },
    "duality_of_compilation/iterate_increment": {
      "mean": 0.073774457325,
      "stddev": 0.003165282689173206,
      "arg": 100000000
    },
    "duality_of_compilation/lookup_tree": {
      "mean": 0.41477965356,
      "stddev": 0.0777156218042771,
      "arg": 10000000
    },
    "duality_of_compilation/match_options": {
      "mean": 0.1220258541,
      "stddev": 0.01468564222743146,
      "arg": 10000000
    },
    "duality_of_compilation/sum_range": {
      "mean": 0.49493990052000003,
      "stddev": 0.13889240539074044,
      "arg": 10000000
    }
  },
  "ocaml": {
    "duality_of_compilation/erase_unused": {
      "mean": 0.2214077600057143,
      "stddev": 0.00745050085231767,
      "arg": 10000
    },
    "duality_of_compilation/factorial_accumulator": {
      "mean": 0.07558306896358975,
      "stddev": 0.003254495304774611,
      "arg": 10000000
    },
    "duality_of_compilation/fibonacci_recursive": {
      "mean": 0.691654031,
      "stddev": 0.017008911660080905,
      "arg": 40
    },
    "duality_of_compilation/iterate_increment": {
      "mean": 0.2602703535090909,
      "stddev": 0.009020396353316746,
      "arg": 100000000
    },
    "duality_of_compilation/lookup_tree": {
      "arg": 10000000
    },
    "duality_of_compilation/match_options": {
      "arg": 10000000
    },
    "duality_of_compilation/sum_range": {
      "arg": 10000000
    },
    "effect_handlers_bench/countdown": {
      "mean": 4.06070304828,
      "stddev": 0.09093744490065754,
      "arg": 200000000
    },
    "effect_handlers_bench/fibonacci_recursive": {
      "mean": 2.19426034424,
      "stddev": 0.06123504100467943,