{
  "js": {
    "are_we_fast_yet/bounce": {
      "mean": 0.06940806421789474,
      "stddev": 0.0031338509044529575,
      "arg": 0
    },
    "are_we_fast_yet/list_tail": {
      "mean": 0.06685196926666667,
      "stddev": 0.0029164065290113337,
      "arg": 0
    },
    "are_we_fast_yet/mandelbrot": {
      "mean": 0.06616902816272728,
      "stddev": 0.0058701411137758765,
      "arg": 0
    },
    "are_we_fast_yet/nbody": {
      "mean": 0.06788427249142856,
      "stddev": 0.002680357121888016,
      "arg": 0
    },
    "are_we_fast_yet/permute": {
      "mean": 0.0692679858657143,
      "stddev": 0.002580786814746719,
      "arg": 0
    },
    "are_we_fast_yet/queens": {
      "mean": 0.06741867979209301,
      "stddev": 0.003467448993837257,
      "arg": 0
    },
    "are_we_fast_yet/sieve": {
      "mean": 0.06724966136285715,
      "stddev": 0.0038507331870003122,
      "arg": 0
    },
    "are_we_fast_yet/storage": {
      "mean": 0.07410073479513513,
      "stddev": 0.004741646958834534,
      "arg": 0
    },
    "are_we_fast_yet/towers": {
      "mean": 0.07369889114292685,
      "stddev": 0.0037131961289369997,
      "arg": 0
    }
  },
  "python": {
    "are_we_fast_yet/bounce": {
      "mean": 0.0214723650814433,
      "stddev": 0.002073010279823706,
      "arg": 0
    },
    "are_we_fast_yet/list_tail": {
      "mean": 0.020025553808,
      "stddev": 0.001438149197040444,
      "arg": 0
    },
    "are_we_fast_yet/mandelbrot": {
      "mean": 0.019496610188000012,
      "stddev": 0.0012098299697862048,
      "arg": 0
    },
    "are_we_fast_yet/nbody": {
      "mean": 0.019731467113548406,
      "stddev": 0.0013883898157503371,
      "arg": 0
    },
    "are_we_fast_yet/permute": {
      "mean": 0.021510339748376062,
      "stddev": 0.0013235694566035654,
      "arg": 0
    },
    "are_we_fast_yet/queens": {
      "mean": 0.02061568841704918,
      "stddev": 0.0013113774645776373,
      "arg": 0
    },
    "are_we_fast_yet/sieve": {
      "mean": 0.020365921654336275,
      "stddev": 0.001503802706598587,
      "arg": 0
    },
    "are_we_fast_yet/storage": {
      "mean": 0.024308409261441444,
      "stddev": 0.0011638077896311326,
      "arg": 0
    },
    "are_we_fast_yet/towers": {
      "mean": 0.02247043348149533,
      "stddev": 0.002042951953707834,
      "arg": 0
    }
  },
  "java": {
    "are_we_fast_yet/bounce": {
      "mean": 0.2133315991371429,
      "stddev": 0.006176706719706558,
      "arg": 0
    },
    "are_we_fast_yet/list_tail": {
      "mean": 0.2188339348753847,
      "stddev": 0.0073022842581293565,
      "arg": 0
    },
    "are_we_fast_yet/mandelbrot": {
      "mean": 0.21420943626153846,
      "stddev": 0.007208608761018195,
      "arg": 0
    },
    "are_we_fast_yet/nbody": {
      "mean": 0.21638234567142864,
      "stddev": 0.010412728322486072,
      "arg": 0
    },
    "are_we_fast_yet/permute": {
      "mean": 0.2193020605571429,
      "stddev": 0.0130547258120561,
      "arg": 0
    },
    "are_we_fast_yet/queens": {
      "mean": 0.2205502346461539,
      "stddev": 0.01058821717115915,
      "arg": 0
    },
    "are_we_fast_yet/sieve": {
      "mean": 0.21949847823538465,
      "stddev": 0.009853052231924522,
      "arg": 0
    },
    "are_we_fast_yet/storage": {
      "mean": 0.2190032229276923,
      "stddev": 0.004578476807511141,
      "arg": 0
    },
    "are_we_fast_yet/towers": {
      "mean": 0.22632015649846157,
      "stddev": 0.00799719828281131,
      "arg": 0
    }
  },
  "cpp": {
    "are_we_fast_yet/bounce": {
      "mean": 0.0017204658326027407,
      "stddev": 0.00038367972645867777,
      "arg": 0
    },
    "are_we_fast_yet/list_tail": {
      "mean": 0.001606535185185186,
      "stddev": 0.000260038350966123,
      "arg": 0
    },
    "are_we_fast_yet/mandelbrot": {
      "mean": 0.001626543384536082,
      "stddev": 0.0002845711137037304,
      "arg": 0
    },
    "are_we_fast_yet/nbody": {
      "mean": 0.0016617576779157418,
      "stddev": 0.00039858553786640806,
      "arg": 0
    },
    "are_we_fast_yet/permute": {
      "mean": 0.0016342250885493226,
      "stddev": 0.0003687579786764616,
      "arg": 0
    },
    "are_we_fast_yet/queens": {
      "mean": 0.001583241058987342,
      "stddev": 0.0003642463570664762,
      "arg": 0
    },
    "are_we_fast_yet/sieve": {
      "mean": 0.0016022122358007108,
      "stddev": 0.00027453208660110044,
      "arg": 0
    },
    "are_we_fast_yet/storage": {
      "mean": 0.002281219709675253,
      "stddev": 0.0004605218893811552,
      "arg": 0
    },
    "are_we_fast_yet/towers": {
      "mean": 0.0016283736375075988,
      "stddev": 0.0002627655463981181,
      "arg": 0
    }
  },
  "rust": {
    "duality_of_compilation/erase_unused": {
      "mean": 2.09625723954,
      "stddev": 0.056931106594856735,
      "arg": 10000
    },
    "duality_of_compilation/factorial_accumulator": {
      "mean": 0.050807709742142874,
      "stddev": 0.00212794056205068,
      "arg": 10000000
    },
    "duality_of_compilation/fibonacci_recursive": {
      "mean": 0.40321046012000006,
      "stddev": 0.014476635086447443,
      "arg": 40
    },
    "duality_of_compilation/iterate_increment": {
      "mean": 0.0009384870629411767,
      "stddev": 0.0003066414363680406,
      "arg": 100000000
    },
    "duality_of_compilation/lookup_tree": {
      "arg": 10000000
    },
    "duality_of_compilation/match_options": {
      "mean": 0.0008576609563737131,
      "stddev": 0.00021630811442994928,
      "arg": 10000000
    },
    "duality_of_compilation/sum_range": {
      "arg": 10000000
    }
  },
  "koka": {
    "duality_of_compilation/erase_unused": {
      "arg": 10000
    },
    "duality_of_compilation/factorial_accumulator": {
      "arg": 10000000
    },
    "duality_of_compilation/fibonacci_recursive": {
      "arg": 40
    },
    "duality_of_compilation/iterate_increment": {
      "arg": 100000000
    },
    "duality_of_compilation/lookup_tree": {
      "arg": 10000000
    },
    "duality_of_compilation/match_options": {
      "arg": 10000000
    },
    "duality_of_compilation/sum_range": {
      "arg": 10000000
    }
  },
  "mlton": {
    "duality_of_compilation/erase_unused": {
      "mean": 0.02828468217115044,
      "stddev": 0.00258804422684435,
      "arg": 10000
    },
    "duality_of_compilation/factorial_accumulator": {
      "mean": 0.15963747261999997,
      "stddev": 0.004899872362148617,
      "arg": 10000000
    },
    "duality_of_compilation/fibonacci_recursive": {
      "mean": 1.0415009201399998,
      "stddev": 0.04113703100489951,
      "arg": 40
    },
    "duality_of_compilation/iterate_increment": {
      "mean": 0.07059519852195122,
      "stddev": 0.0020641770779737173,
      "arg": 100000000
    },
    "duality_of_compilation/lookup_tree": {
      "mean": 0.40920235076000006,
      "stddev": 0.0634119715595738,
      "arg": 10000000
    },
    "duality_of_compilation/match_options": {
      "mean": 0.13511310388190478,
      "stddev": 0.011276557452856405,
      "arg": 10000000
    },
    "duality_of_compilation/sum_range": {
      "mean": 0.6204141121200001,
      "stddev": 0.19147157437123125,
      "arg": 10000000
    }
  },
  "ocaml": {
    "duality_of_compilation/erase_unused": {
      "mean": 0.20643108799999998,
      "stddev": 0.004436639137790863,
      "arg": 10000
    },
    "duality_of_compilation/factorial_accumulator": {
      "mean": 0.07047304549047617,
      "stddev": 0.0016806167642883947,
      "arg": 10000000
    },
    "duality_of_compilation/fibonacci_recursive": {
      "mean": 0.6449354031000001,
      "stddev": 0.014476393000681681,
      "arg": 40
    },
    "duality_of_compilation/iterate_increment": {
      "mean": 0.23997503028,
      "stddev": 0.005102665480589991,
      "arg": 100000000
    },
    "duality_of_compilation/lookup_tree": {
      "arg": 10000000
    },
    "duality_of_compilation/match_options": {
      "arg": 10000000
    },