{
  "js": {
    "are_we_fast_yet/bounce": {
      "mean": 0.07099452434102564,
      "stddev": 0.003280794829171627,
      "arg": 0
    },
    "are_we_fast_yet/list_tail": {
      "mean": 0.06860803243948715,
      "stddev": 0.0069337676410523704,
      "arg": 0
    },
    "are_we_fast_yet/mandelbrot": {
      "mean": 0.06510344099021279,
      "stddev": 0.003399855630404559,
      "arg": 0
    },
    "are_we_fast_yet/nbody": {
      "mean": 0.06527337410888889,
      "stddev": 0.0026338324381384023,
      "arg": 0
    },
    "are_we_fast_yet/permute": {
      "mean": 0.07246340683268296,
      "stddev": 0.0040790806598537815,
      "arg": 0
    },
    "are_we_fast_yet/queens": {
      "mean": 0.0679946645709091,
      "stddev": 0.0030792459611586644,
      "arg": 0
    },
    "are_we_fast_yet/sieve": {
      "mean": 0.06843264606,
      "stddev": 0.005197297186192137,
      "arg": 0
    },
    "are_we_fast_yet/storage": {
      "mean": 0.07288472357414633,
      "stddev": 0.0033168487314253394,
      "arg": 0
    },
    "are_we_fast_yet/towers": {
      "mean": 0.07259137093170732,
      "stddev": 0.00412694074321533,
      "arg": 0
    }
  },
  "python": {
    "are_we_fast_yet/bounce": {
      "mean": 0.021950756119999998,
      "stddev": 0.0012711025900704288,
      "arg": 0
    },
    "are_we_fast_yet/list_tail": {
      "mean": 0.02098713415512605,
      "stddev": 0.0014334784472425633,
      "arg": 0
    },
    "are_we_fast_yet/mandelbrot": {
      "mean": 0.020321290897398373,
      "stddev": 0.0010224698529340318,
      "arg": 0
    },
    "are_we_fast_yet/nbody": {
      "mean": 0.020766224350169494,
      "stddev": 0.002010219774585761,
      "arg": 0
    },
    "are_we_fast_yet/permute": {
      "mean": 0.021815768483859646,
      "stddev": 0.0011981518977679947,
      "arg": 0
    },
    "are_we_fast_yet/queens": {
      "mean": 0.0208182665251613,
      "stddev": 0.001469584017567223,
      "arg": 0
    },
    "are_we_fast_yet/sieve": {
      "mean": 0.02100468397892857,
      "stddev": 0.001704711537279069,
      "arg": 0
    },
    "are_we_fast_yet/storage": {
      "mean": 0.024454086847155963,
      "stddev": 0.0016510695466360544,
      "arg": 0
    },
    "are_we_fast_yet/towers": {
      "mean": 0.02248952819433629,
      "stddev": 0.0019035158269284948,
      "arg": 0
    }
  },
  "java": {
    "are_we_fast_yet/bounce": {
      "mean": 0.2168802449571429,
      "stddev": 0.009161693219145292,
      "arg": 0
    },
    "are_we_fast_yet/list_tail": {
      "mean": 0.2123160031507692,
      "stddev": 0.0066792061278383484,
      "arg": 0
    },
    "are_we_fast_yet/mandelbrot": {
      "mean": 0.21262822156,
      "stddev": 0.008682051188048944,
      "arg": 0
    },
    "are_we_fast_yet/nbody": {
      "mean": 0.21822091515000006,
      "stddev": 0.0072960935794634295,
      "arg": 0
    },
    "are_we_fast_yet/permute": {
      "mean": 0.20973556524857148,
      "stddev": 0.008072658049622435,
      "arg": 0
    },
    "are_we_fast_yet/queens": {
      "mean": 0.20969948988461543,
      "stddev": 0.005368951068892528,
      "arg": 0
    },
    "are_we_fast_yet/sieve": {
      "mean": 0.2251500159307692,
      "stddev": 0.01790383496277767,
      "arg": 0
    },
    "are_we_fast_yet/storage": {
      "mean": 0.2201124911184615,
      "stddev": 0.008674003209568808,
      "arg": 0
    },
    "are_we_fast_yet/towers": {
      "mean": 0.2128173053828572,
      "stddev": 0.007529591078266418,
      "arg": 0
    }
  },
  "cpp": {
    "are_we_fast_yet/bounce": {
      "mean": 0.0016180339732714153,
      "stddev": 0.00021859405465142042,
      "arg": 0
    },
    "are_we_fast_yet/list_tail": {
      "mean": 0.0015769824504752279,
      "stddev": 0.00022130790316608707,
      "arg": 0
    },
    "are_we_fast_yet/mandelbrot": {
      "mean": 0.0017646738781305095,
      "stddev": 0.0002953740358044651,
      "arg": 0
    },
    "are_we_fast_yet/nbody": {
      "mean": 0.0015762964922649582,
      "stddev": 0.0002140361811249179,
      "arg": 0
    },
    "are_we_fast_yet/permute": {
      "mean": 0.00161306018372093,
      "stddev": 0.00021791883122712722,
      "arg": 0
    },
    "are_we_fast_yet/queens": {
      "mean": 0.0016504349426223449,
      "stddev": 0.0002579501918923418,
      "arg": 0
    },
    "are_we_fast_yet/sieve": {
      "mean": 0.0016342931173652694,
      "stddev": 0.00021944467317887447,
      "arg": 0
    },
    "are_we_fast_yet/storage": {
      "mean": 0.0022533341677373965,
      "stddev": 0.00027161505709873135,
      "arg": 0
    },
    "are_we_fast_yet/towers": {
      "mean": 0.001545494422222224,
      "stddev": 0.00017423244795391078,
      "arg": 0
    }
  },
  "rust": {
    "duality_of_compilation/erase_unused": {
      "mean": 2.1123148674199994,
      "stddev": 0.03284626245817385,
      "arg": 10000
    },
    "duality_of_compilation/factorial_accumulator": {
      "mean": 0.050440134001754386,
      "stddev": 0.0019593605204719306,
      "arg": 10000000
    },
    "duality_of_compilation/fibonacci_recursive": {
      "mean": 0.37057368726000006,
      "stddev": 0.011261065486778578,
      "arg": 40
    },
    "duality_of_compilation/iterate_increment": {
      "mean": 0.0009895414918904498,
      "stddev": 0.00018355593885111896,
      "arg": 100000000
    },
    "duality_of_compilation/lookup_tree": {
      "arg": 10000000
    },
    "duality_of_compilation/match_options": {
      "mean": 0.0009513749625492778,
      "stddev": 0.0001786309860828357,
      "arg": 10000000
    },
    "duality_of_compilation/sum_range": {
      "arg": 10000000
    }
  },
  "koka": {
    "duality_of_compilation/erase_unused": {
      "mean": 14.488260334200001,
      "stddev": 0.1763613117497529,
      "arg": 10000
    },
    "duality_of_compilation/factorial_accumulator": {
      "mean": 0.16074515936117648,
      "stddev": 0.004857293243085565,
      "arg": 10000000
    },
    "duality_of_compilation/fibonacci_recursive": {
      "mean": 0.6471781201400002,
      "stddev": 0.015474258205168954,
      "arg": 40
    },
    "duality_of_compilation/iterate_increment": {
      "mean": 0.89299055654,
      "stddev": 0.016478896961313452,
      "arg": 100000000
    },
    "duality_of_compilation/lookup_tree": {
      "mean": 3.58548685576,
      "stddev": 0.12288638734256405,
      "arg": 10000000
    },
    "duality_of_compilation/match_options": {
      "mean": 0.6561108358400001,
      "stddev": 0.03923586324829772,
      "arg": 10000000
    },
    "duality_of_compilation/sum_range": {
      "mean": 3.6294404625999994,
      "stddev": 0.036631499193611,
      "arg": 10000000
    }
  },
  "mlton": {
    "duality_of_compilation/erase_unused": {
      "mean": 0.027631104206071427,
      "stddev": 0.002602591247095806,
      "arg": 10000
    },
    "duality_of_compilation/factorial_accumulator": {
      "mean": 0.15863099870947375,
      "stddev": 0.004336640891163236,
      "arg": 10000000
    },
    "duality_of_compilation/fibonacci_recursive": {
      "mean": 1.0523562400000002,
      "stddev": 0.018841520365241584,
      "arg": 40
    },
    "duality_of_compilation/iterate_increment": {
      "mean": 0.07207021479729732,
      "stddev": 0.0023797633821650197,
      "arg": 100000000
    },
    "duality_of_compilation/lookup_tree": {
      "mean": 0.41847343126,
      "stddev": 0.06926996954936618,
      "arg": 10000000
    },
    "duality_of_compilation/match_options": {
      "mean": 0.11488747510000001,
      "stddev": 0.004323904231629845,
      "arg": 10000000
    },
    "duality_of_compilation/sum_range": {
      "mean": 0.58783060986,
      "stddev": 0.1002424254052017,
      "arg": 10000000
    }
  },
  "ocaml": {
    "duality_of_compilation/erase_unused": {
      "mean": 0.2065035566428572,
      "stddev": 0.00864688572645963,
      "arg": 10000
    },
    "duality_of_compilation/factorial_accumulator": {
      "mean": 0.07336765155263157,
      "stddev": 0.00446038988847653,
      "arg": 10000000
    },