{
  "js": {
    "are_we_fast_yet/bounce": {
      "mean": 0.07261182344,
      "stddev": 0.008955053987169103,
      "arg": 0
    },
    "are_we_fast_yet/list_tail": {
      "mean": 0.0664160524,
      "stddev": 0.004098053198831819,
      "arg": 0
    },
    "are_we_fast_yet/mandelbrot": {
      "mean": 0.06615816656380953,
      "stddev": 0.004084975774352326,
      "arg": 0
    },
    "are_we_fast_yet/nbody": {
      "mean": 0.06653965944487804,
      "stddev": 0.003913106877539134,
      "arg": 0
    },
    "are_we_fast_yet/permute": {
      "mean": 0.06980192501636366,
      "stddev": 0.004320203008275186,
      "arg": 0
    },
    "are_we_fast_yet/queens": {
      "mean": 0.07014786671024391,
      "stddev": 0.006127574630987865,
      "arg": 0
    },
    "are_we_fast_yet/sieve": {
      "mean": 0.07085105900139534,
      "stddev": 0.0063315393092594876,
      "arg": 0
    },
    "are_we_fast_yet/storage": {
      "mean": 0.07633786693523811,
      "stddev": 0.013125423371708722,
      "arg": 0
    },
    "are_we_fast_yet/towers": {
      "mean": 0.07084497871512195,
      "stddev": 0.004390061187237886,
      "arg": 0
    }
  },
  "python": {
    "are_we_fast_yet/bounce": {
      "mean": 0.022030447451428577,
      "stddev": 0.0038360825754100336,
      "arg": 0
    },
    "are_we_fast_yet/list_tail": {
      "mean": 0.019326851184778764,
      "stddev": 0.0011603863648097666,
      "arg": 0
    },
    "are_we_fast_yet/mandelbrot": {
      "mean": 0.018405816684126986,
      "stddev": 0.001556852709722448,
      "arg": 0
    },
    "are_we_fast_yet/nbody": {
      "mean": 0.018722211406666665,
      "stddev": 0.0019329260442664089,
      "arg": 0
    },
    "are_we_fast_yet/permute": {
      "mean": 0.021714953087642267,
      "stddev": 0.0014336616352483582,
      "arg": 0
    },
    "are_we_fast_yet/queens": {
      "mean": 0.019958663333043483,
      "stddev": 0.0014068500826883688,
      "arg": 0
    },
    "are_we_fast_yet/sieve": {
      "mean": 0.019558349127874013,
      "stddev": 0.0010853621457050417,
      "arg": 0
    },
    "are_we_fast_yet/storage": {
      "mean": 0.02368825122991151,
      "stddev": 0.0018877347414427224,
      "arg": 0
    },
    "are_we_fast_yet/towers": {
      "mean": 0.022288971226306308,
      "stddev": 0.0014932274911488375,
      "arg": 0
    }
  },
  "java": {
    "are_we_fast_yet/bounce": {
      "mean": 0.21800220171333337,
      "stddev": 0.014307963091543875,
      "arg": 0
    },
    "are_we_fast_yet/list_tail": {
      "mean": 0.2145298436133334,
      "stddev": 0.014207787529140616,
      "arg": 0
    },
    "are_we_fast_yet/mandelbrot": {
      "mean": 0.20923702256923077,
      "stddev": 0.010148757157065107,
      "arg": 0
    },
    "are_we_fast_yet/nbody": {
      "mean": 0.21412627026857142,
      "stddev": 0.0076861934263164336,
      "arg": 0
    },
    "are_we_fast_yet/permute": {
      "mean": 0.20887665776769226,
      "stddev": 0.011707573886683337,
      "arg": 0
    },
    "are_we_fast_yet/queens": {
      "mean": 0.2202690061428571,
      "stddev": 0.011346827325552812,
      "arg": 0
    },
    "are_we_fast_yet/sieve": {
      "mean": 0.20523804701714288,
      "stddev": 0.0038301333739324964,
      "arg": 0
    },
    "are_we_fast_yet/storage": {
      "mean": 0.20975561717076924,
      "stddev": 0.00861935782508822,
      "arg": 0
    },
    "are_we_fast_yet/towers": {
      "mean": 0.21983259769846158,
      "stddev": 0.006152674371728016,
      "arg": 0
    }
  },
  "cpp": {
    "are_we_fast_yet/bounce": {
      "mean": 0.0015283767153307377,
      "stddev": 0.0002319754243132141,
      "arg": 0
    },
    "are_we_fast_yet/list_tail": {
      "mean": 0.0015990932491788518,
      "stddev": 0.00023371319165083862,
      "arg": 0
    },
    "are_we_fast_yet/mandelbrot": {
      "mean": 0.001489565583323443,
      "stddev": 0.00022770546473044743,
      "arg": 0
    },
    "are_we_fast_yet/nbody": {
      "mean": 0.0015174527102968626,
      "stddev": 0.00028378520275014506,
      "arg": 0
    },
    "are_we_fast_yet/permute": {
      "mean": 0.0015760689179241494,
      "stddev": 0.00023570969484347325,
      "arg": 0
    },
    "are_we_fast_yet/queens": {
      "mean": 0.0014978882809012146,
      "stddev": 0.00023171914794344232,
      "arg": 0
    },
    "are_we_fast_yet/sieve": {
      "mean": 0.0016352399358786796,
      "stddev": 0.00027882595662333156,
      "arg": 0
    },
    "are_we_fast_yet/storage": {
      "mean": 0.002192509526337448,
      "stddev": 0.0002759250839173083,
      "arg": 0
    },
    "are_we_fast_yet/towers": {
      "mean": 0.0012779425250943398,
      "stddev": 0.00015501559392143237,
      "arg": 0
    }
  },
  "rust": {
    "duality_of_compilation/erase_unused": {
      "mean": 2.0714556349600004,
      "stddev": 0.0230928403500096,
      "arg": 10000
    },
    "duality_of_compilation/factorial_accumulator": {
      "mean": 0.050853087636666655,
      "stddev": 0.0024228117851706307,
      "arg": 10000000
    },
    "duality_of_compilation/fibonacci_recursive": {
      "mean": 0.4030962454,
      "stddev": 0.01923987353480122,
      "arg": 40
    },
    "duality_of_compilation/iterate_increment": {
      "mean": 0.0008643137685070902,
      "stddev": 0.00021066961484657103,
      "arg": 100000000
    },
    "duality_of_compilation/lookup_tree": {
      "arg": 10000000
    },
    "duality_of_compilation/match_options": {
      "mean": 0.0008946498720457438,
      "stddev": 0.00019768762171752774,
      "arg": 10000000
    },
    "duality_of_compilation/sum_range": {
      "arg": 10000000
    }
  },
  "koka": {
    "duality_of_compilation/erase_unused": {
      "arg": 10000
    },
    "duality_of_compilation/factorial_accumulator": {
      "arg": 10000000
    },
    "duality_of_compilation/fibonacci_recursive": {
      "arg": 40
    },
    "duality_of_compilation/iterate_increment": {
      "arg": 100000000
    },
    "duality_of_compilation/lookup_tree": {
      "arg": 10000000
    },
    "duality_of_compilation/match_options": {
      "arg": 10000000
    },
    "duality_of_compilation/sum_range": {
      "arg": 10000000
    }
  },
  "mlton": {
    "duality_of_compilation/erase_unused": {
      "mean": 0.02817598097076924,
      "stddev": 0.0018779821188337005,
      "arg": 10000
    },
    "duality_of_compilation/factorial_accumulator": {
      "mean": 0.1592383819577778,
      "stddev": 0.004723946172500111,
      "arg": 10000000
    },
    "duality_of_compilation/fibonacci_recursive": {
      "mean": 1.0263450109999999,
      "stddev": 0.023998289612829456,
      "arg": 40
    },
    "duality_of_compilation/iterate_increment": {
      "mean": 0.07048124871170734,
      "stddev": 0.004544529225972978,
      "arg": 100000000
    },
    "duality_of_compilation/lookup_tree": {
      "mean": 0.42079878922,
      "stddev": 0.06758834192605614,
      "arg": 10000000
    },
    "duality_of_compilation/match_options": {
      "mean": 0.12000269846000004,
      "stddev": 0.003585322586770561,
      "arg": 10000000
    },
    "duality_of_compilation/sum_range": {
      "mean": 0.58083764406,
      "stddev": 0.21079886018066965,
      "arg": 10000000
    }
  },
  "ocaml": {
    "duality_of_compilation/erase_unused": {
      "mean": 0.20255503149142864,
      "stddev": 0.004952915441396353,
      "arg": 10000
    },
    "duality_of_compilation/factorial_accumulator": {
      "mean": 0.07093467302818181,
      "stddev": 0.0032895907682719532,
      "arg": 10000000
    },
    "duality_of_compilation/fibonacci_recursive": {
      "mean": 0.6328410068999999,
      "stddev": 0.011933366039385824,
      "arg": 40
    },
    "duality_of_compilation/iterate_increment": {
      "mean": 0.24094487363666664,
      "stddev": 0.005775158481186793,
      "arg": 100000000
    },
    "duality_of_compilation/lookup_tree": {
      "arg": 10000000
    },
    "duality_of_compilation/match_options": {
      "arg": 10000000
    },