{
  "js": {
    "are_we_fast_yet/bounce": {
      "mean": 0.06876009772848485,
      "stddev": 0.004391345618302622,
      "arg": 0
    },
    "are_we_fast_yet/list_tail": {
      "mean": 0.06656271872186044,
      "stddev": 0.002949072127437958,
      "arg": 0
    },
    "are_we_fast_yet/mandelbrot": {
      "mean": 0.06461236662186046,
      "stddev": 0.0025695919068588393,
      "arg": 0
    },
    "are_we_fast_yet/nbody": {
      "mean": 0.06727038574941178,
      "stddev": 0.005017081457847507,
      "arg": 0
    },
    "are_we_fast_yet/permute": {
      "mean": 0.06816477567473685,
      "stddev": 0.004276325063730605,
      "arg": 0
    },
    "are_we_fast_yet/queens": {
      "mean": 0.06482949401130438,
      "stddev": 0.003830994200763024,
      "arg": 0
    },
    "are_we_fast_yet/sieve": {
      "mean": 0.06454215568173914,
      "stddev": 0.0026668030383554483,
      "arg": 0
    },
    "are_we_fast_yet/storage": {
      "mean": 0.07115008449951221,
      "stddev": 0.0033852422137868694,
      "arg": 0
    },
    "are_we_fast_yet/towers": {
      "mean": 0.07110570308558141,
      "stddev": 0.005998273875578991,
      "arg": 0
    }
  },
  "python": {
    "are_we_fast_yet/bounce": {
      "mean": 0.020867981882886598,
      "stddev": 0.0017730364272974496,
      "arg": 0
    },
    "are_we_fast_yet/list_tail": {
      "mean": 0.019872973915172412,
      "stddev": 0.0016332968948186612,
      "arg": 0
    },
    "are_we_fast_yet/mandelbrot": {
      "mean": 0.01824018116000001,
      "stddev": 0.000918183292766073,
      "arg": 0
    },
    "are_we_fast_yet/nbody": {
      "mean": 0.018700009158095245,
      "stddev": 0.0014342124676690615,
      "arg": 0
    },
    "are_we_fast_yet/permute": {
      "mean": 0.021122104469687503,
      "stddev": 0.0013823278100265019,
      "arg": 0
    },
    "are_we_fast_yet/queens": {
      "mean": 0.020255386907596904,
      "stddev": 0.0016880559638531517,
      "arg": 0
    },
    "are_we_fast_yet/sieve": {
      "mean": 0.02064233573238938,
      "stddev": 0.002017331631241837,
      "arg": 0
    },
    "are_we_fast_yet/storage": {
      "mean": 0.02452892289944955,
      "stddev": 0.0026256448816271293,
      "arg": 0
    },
    "are_we_fast_yet/towers": {
      "mean": 0.02165462486833334,
      "stddev": 0.0010550627570207745,
      "arg": 0
    }
  },
  "java": {
    "are_we_fast_yet/bounce": {
      "mean": 0.21429485727142858,
      "stddev": 0.005130801549633193,
      "arg": 0
    },
    "are_we_fast_yet/list_tail": {
      "mean": 0.22028321250285715,
      "stddev": 0.009442839459588308,
      "arg": 0
    },
    "are_we_fast_yet/mandelbrot": {
      "mean": 0.21512394754000003,
      "stddev": 0.009237154457232293,
      "arg": 0
    },
    "are_we_fast_yet/nbody": {
      "mean": 0.21133683039538464,
      "stddev": 0.005723390172616093,
      "arg": 0
    },
    "are_we_fast_yet/permute": {
      "mean": 0.2089473566666667,
      "stddev": 0.009080072788182528,
      "arg": 0
    },
    "are_we_fast_yet/queens": {
      "mean": 0.21528124928857145,
      "stddev": 0.012152680463631766,
      "arg": 0
    },
    "are_we_fast_yet/sieve": {
      "mean": 0.2112244971384616,
      "stddev": 0.01189779781902263,
      "arg": 0
    },
    "are_we_fast_yet/storage": {
      "mean": 0.2148755620323077,
      "stddev": 0.008818687631883333,
      "arg": 0
    },
    "are_we_fast_yet/towers": {
      "mean": 0.2126215504342857,
      "stddev": 0.007435309553682272,
      "arg": 0
    }
  },
  "cpp": {
    "are_we_fast_yet/bounce": {
      "mean": 0.0014992150259613415,
      "stddev": 0.00021165104910914214,
      "arg": 0
    },
    "are_we_fast_yet/list_tail": {
      "mean": 0.0016940712794892762,
      "stddev": 0.00025401165251924784,
      "arg": 0
    },
    "are_we_fast_yet/mandelbrot": {
      "mean": 0.001516124973003802,
      "stddev": 0.00023746188851644971,
      "arg": 0
    },
    "are_we_fast_yet/nbody": {
      "mean": 0.001554626507896995,
      "stddev": 0.00022276027880326993,
      "arg": 0
    },
    "are_we_fast_yet/permute": {
      "mean": 0.001531824697081545,
      "stddev": 0.00024168083787945476,
      "arg": 0
    },
    "are_we_fast_yet/queens": {
      "mean": 0.0016364047689915169,
      "stddev": 0.00029593648343769104,
      "arg": 0
    },
    "are_we_fast_yet/sieve": {
      "mean": 0.0015766747518518513,
      "stddev": 0.00022787511826865027,
      "arg": 0
    },
    "are_we_fast_yet/storage": {
      "mean": 0.0022356715836882543,
      "stddev": 0.00034648155337938435,
      "arg": 0
    },
    "are_we_fast_yet/towers": {
      "mean": 0.0016140403925985851,
      "stddev": 0.0002496888335918558,
      "arg": 0
    }
  },
  "rust": {
    "duality_of_compilation/erase_unused": {
      "mean": 2.0429224057999997,
      "stddev": 0.01920293243152643,
      "arg": 10000
    },
    "duality_of_compilation/factorial_accumulator": {
      "mean": 0.04951271497000001,
      "stddev": 0.001434789914671068,
      "arg": 10000000
    },
    "duality_of_compilation/fibonacci_recursive": {
      "mean": 0.38948952546000004,
      "stddev": 0.01320915428193028,
      "arg": 40
    },
    "duality_of_compilation/iterate_increment": {
      "mean": 0.0010065153444376892,
      "stddev": 0.00018630671593881947,
      "arg": 100000000
    },
    "duality_of_compilation/lookup_tree": {
      "arg": 10000000
    },
    "duality_of_compilation/match_options": {
      "mean": 0.0009642169613308705,
      "stddev": 0.00022234327302580618,
      "arg": 10000000
    },
    "duality_of_compilation/sum_range": {
      "arg": 10000000
    }
  },
  "koka": {
    "duality_of_compilation/erase_unused": {
      "arg": 10000
    },
    "duality_of_compilation/factorial_accumulator": {
      "arg": 10000000
    },
    "duality_of_compilation/fibonacci_recursive": {
      "arg": 40
    },
    "duality_of_compilation/iterate_increment": {
      "arg": 100000000
    },
    "duality_of_compilation/lookup_tree": {
      "arg": 10000000
    },
    "duality_of_compilation/match_options": {
      "arg": 10000000
    },
    "duality_of_compilation/sum_range": {
      "arg": 10000000
    }
  },
  "mlton": {
    "duality_of_compilation/erase_unused": {
      "mean": 0.028042535232897195,
      "stddev": 0.001911820615789004,
      "arg": 10000
    },
    "duality_of_compilation/factorial_accumulator": {
      "mean": 0.15512363819647057,
      "stddev": 0.004515496376006394,
      "arg": 10000000
    },
    "duality_of_compilation/fibonacci_recursive": {
      "mean": 1.02277696304,
      "stddev": 0.02514438743224885,
      "arg": 40
    },
    "duality_of_compilation/iterate_increment": {
      "mean": 0.06887723149658537,
      "stddev": 0.002546840883011836,
      "arg": 100000000
    },
    "duality_of_compilation/lookup_tree": {
      "mean": 0.37540489328000004,
      "stddev": 0.05179908408802995,
      "arg": 10000000
    },
    "duality_of_compilation/match_options": {
      "mean": 0.11310612212,
      "stddev": 0.00386171657676849,
      "arg": 10000000
    },
    "duality_of_compilation/sum_range": {
      "mean": 0.47093932450000003,
      "stddev": 0.14592717939035948,
      "arg": 10000000
    }
  },
  "ocaml": {
    "duality_of_compilation/erase_unused": {
      "mean": 0.2016024482533334,
      "stddev": 0.005679263149634698,
      "arg": 10000
    },
    "duality_of_compilation/factorial_accumulator": {
      "mean": 0.07008207185999996,
      "stddev": 0.0032253154353172387,
      "arg": 10000000
    },
    "duality_of_compilation/fibonacci_recursive": {
      "mean": 0.6415293490600001,
      "stddev": 0.016174463952224143,
      "arg": 40
    },
    "duality_of_compilation/iterate_increment": {
      "mean": 0.24306420901,
      "stddev": 0.007886014355039297,
      "arg": 100000000
    },
    "duality_of_compilation/lookup_tree": {
      "arg": 10000000
    },
    "duality_of_compilation/match_options": {
      "arg": 10000000
    },