{
  "js": {
    "are_we_fast_yet/bounce": {
      "mean": 0.06747197536842105,
      "stddev": 0.003386027398846846,
      "arg": 0
    },
    "are_we_fast_yet/list_tail": {
      "mean": 0.06676756948978721,
      "stddev": 0.004652170075696378,
      "arg": 0
    },
    "are_we_fast_yet/mandelbrot": {
      "mean": 0.06512019200222222,
      "stddev": 0.0038934358564815487,
      "arg": 0
    },
    "are_we_fast_yet/nbody": {
      "mean": 0.06600056835333336,
      "stddev": 0.003986234201712834,
      "arg": 0
    },
    "are_we_fast_yet/permute": {
      "mean": 0.06968068748511627,
      "stddev": 0.004197014014272247,
      "arg": 0
    },
    "are_we_fast_yet/queens": {
      "mean": 0.07041652958736841,
      "stddev": 0.005899805608798205,
      "arg": 0
    },
    "are_we_fast_yet/sieve": {
      "mean": 0.06611474955999999,
      "stddev": 0.0027659142368304853,
      "arg": 0
    },
    "are_we_fast_yet/storage": {
      "mean": 0.07162731737428572,
      "stddev": 0.004624508055693763,
      "arg": 0
    },
    "are_we_fast_yet/towers": {
      "mean": 0.07344678969500001,
      "stddev": 0.005279144326091111,
      "arg": 0
    }
  },
  "python": {
    "are_we_fast_yet/bounce": {
      "mean": 0.021897636905822793,
      "stddev": 0.0030890871432838673,
      "arg": 0
    },
    "are_we_fast_yet/list_tail": {
      "mean": 0.021143964328270676,
      "stddev": 0.0025736626041320634,
      "arg": 0
    },
    "are_we_fast_yet/mandelbrot": {
      "mean": 0.018171672189541282,
      "stddev": 0.0011839022038042206,
      "arg": 0
    },
    "are_we_fast_yet/nbody": {
      "mean": 0.019348187424918024,
      "stddev": 0.0015338847184052185,
      "arg": 0
    },
    "are_we_fast_yet/permute": {
      "mean": 0.020516457152542373,
      "stddev": 0.000885632550821041,
      "arg": 0
    },
    "are_we_fast_yet/queens": {
      "mean": 0.019982082652440947,
      "stddev": 0.0010315508809063416,
      "arg": 0
    },
    "are_we_fast_yet/sieve": {
      "mean": 0.019978495568196725,
      "stddev": 0.001452757464957546,
      "arg": 0
    },
    "are_we_fast_yet/storage": {
      "mean": 0.023639832679277117,
      "stddev": 0.0018133302584114445,
      "arg": 0
    },
    "are_we_fast_yet/towers": {
      "mean": 0.021395133710175433,
      "stddev": 0.0017000672805675464,
      "arg": 0
    }
  },
  "java": {
    "are_we_fast_yet/bounce": {
      "mean": 0.21064331126571428,
      "stddev": 0.005617339726017037,
      "arg": 0
    },
    "are_we_fast_yet/list_tail": {
      "mean": 0.22195490682769228,
      "stddev": 0.01196261454748765,
      "arg": 0
    },
    "are_we_fast_yet/mandelbrot": {
      "mean": 0.21205260544285712,
      "stddev": 0.010008624321869268,
      "arg": 0
    },
    "are_we_fast_yet/nbody": {
      "mean": 0.21010235271428576,
      "stddev": 0.006264634863479317,
      "arg": 0
    },
    "are_we_fast_yet/permute": {
      "mean": 0.2198053057907692,
      "stddev": 0.01139588545114913,
      "arg": 0
    },
    "are_we_fast_yet/queens": {
      "mean": 0.21473053512769236,
      "stddev": 0.0090669938898969,
      "arg": 0
    },
    "are_we_fast_yet/sieve": {
      "mean": 0.22076403856571433,
      "stddev": 0.014636606063150717,
      "arg": 0
    },
    "are_we_fast_yet/storage": {
      "mean": 0.21935874105846156,
      "stddev": 0.008535163355166523,
      "arg": 0
    },
    "are_we_fast_yet/towers": {
      "mean": 0.2173593832446154,
      "stddev": 0.006007264593740298,
      "arg": 0
    }
  },
  "cpp": {
    "are_we_fast_yet/bounce": {
      "mean": 0.0017141960576923076,
      "stddev": 0.00030265827387006554,
      "arg": 0
    },
    "are_we_fast_yet/list_tail": {
      "mean": 0.0014896798073684224,
      "stddev": 0.00024347643539425137,
      "arg": 0
    },
    "are_we_fast_yet/mandelbrot": {
      "mean": 0.0015868833933740192,
      "stddev": 0.00024540608342213805,
      "arg": 0
    },
    "are_we_fast_yet/nbody": {
      "mean": 0.001540355020021669,
      "stddev": 0.0002442769853893009,
      "arg": 0
    },
    "are_we_fast_yet/permute": {
      "mean": 0.0015422190698025158,
      "stddev": 0.0002314499285176017,
      "arg": 0
    },
    "are_we_fast_yet/queens": {
      "mean": 0.0015185678495918359,
      "stddev": 0.00023961219425915455,
      "arg": 0
    },
    "are_we_fast_yet/sieve": {
      "mean": 0.0015459081600836808,
      "stddev": 0.00023577279721505523,
      "arg": 0
    },
    "are_we_fast_yet/storage": {
      "mean": 0.0021212265032469293,
      "stddev": 0.00027318275160844867,
      "arg": 0
    },
    "are_we_fast_yet/towers": {
      "mean": 0.0016573614551748243,
      "stddev": 0.000233523560919566,
      "arg": 0
    }
  },
  "rust": {
    "duality_of_compilation/erase_unused": {
      "mean": 2.0627661443000003,
      "stddev": 0.05047573291449306,
      "arg": 10000
    },
    "duality_of_compilation/factorial_accumulator": {
      "mean": 0.05017759526428571,
      "stddev": 0.0021197181547744927,
      "arg": 10000000
    },
    "duality_of_compilation/fibonacci_recursive": {
      "mean": 0.38331149888000005,
      "stddev": 0.007690084454200795,
      "arg": 40
    },
    "duality_of_compilation/iterate_increment": {
      "mean": 0.0008408903421572718,
      "stddev": 0.0001875900213159185,
      "arg": 100000000
    },
    "duality_of_compilation/lookup_tree": {
      "arg": 10000000
    },
    "duality_of_compilation/match_options": {
      "mean": 0.0009660624636610712,
      "stddev": 0.000231038985822188,
      "arg": 10000000
    },
    "duality_of_compilation/sum_range": {
      "arg": 10000000
    }
  },
  "koka": {
    "duality_of_compilation/erase_unused": {
      "mean": 14.41561291874,
      "stddev": 0.2675705127723779,
      "arg": 10000
    },
    "duality_of_compilation/factorial_accumulator": {
      "mean": 0.15911963161777776,
      "stddev": 0.005004298978289279,
      "arg": 10000000
    },
    "duality_of_compilation/fibonacci_recursive": {
      "mean": 0.64682659398,
      "stddev": 0.01811639272093206,
      "arg": 40
    },
    "duality_of_compilation/iterate_increment": {
      "mean": 0.8948913511600003,
      "stddev": 0.021376270687484347,
      "arg": 100000000
    },
    "duality_of_compilation/lookup_tree": {
      "mean": 3.5389541187,
      "stddev": 0.09175197343193367,
      "arg": 10000000
    },
    "duality_of_compilation/match_options": {
      "mean": 0.67683555854,
      "stddev": 0.04695129060147039,
      "arg": 10000000
    },
    "duality_of_compilation/sum_range": {
      "mean": 3.6496060394800005,
      "stddev": 0.10397500847641332,
      "arg": 10000000
    }
  },
  "mlton": {
    "duality_of_compilation/erase_unused": {
      "mean": 0.02746815166385321,
      "stddev": 0.0017790356999304367,
      "arg": 10000
    },
    "duality_of_compilation/factorial_accumulator": {
      "mean": 0.15777779540421047,
      "stddev": 0.005509545980632865,
      "arg": 10000000
    },
    "duality_of_compilation/fibonacci_recursive": {
      "mean": 1.0214737165199999,
      "stddev": 0.02788158503501939,
      "arg": 40
    },
    "duality_of_compilation/iterate_increment": {
      "mean": 0.06869603923777776,
      "stddev": 0.0037442329924992235,
      "arg": 100000000
    },
    "duality_of_compilation/lookup_tree": {
      "mean": 0.4319843634600001,
      "stddev": 0.07707942802945093,
      "arg": 10000000
    },
    "duality_of_compilation/match_options": {
      "mean": 0.15131674813272725,
      "stddev": 0.020611427114668394,
      "arg": 10000000
    },
    "duality_of_compilation/sum_range": {
      "mean": 0.6711857888399999,
      "stddev": 0.09645748803869755,
      "arg": 10000000
    }
  },
  "ocaml": {
    "duality_of_compilation/erase_unused": {
      "mean": 0.2061560562657143,
      "stddev": 0.006461241641160517,
      "arg": 10000
    },
    "duality_of_compilation/factorial_accumulator": {
      "mean": 0.06913559064744189,
      "stddev": 0.0028574155237389306,