{
  "js": {
    "are_we_fast_yet/bounce": {
      "mean": 0.06871736137894739,
      "stddev": 0.005499057577748151,
      "arg": 0
    },
    "are_we_fast_yet/list_tail": {
      "mean": 0.06552990326571428,
      "stddev": 0.004520993309078547,
      "arg": 0
    },
    "are_we_fast_yet/mandelbrot": {
      "mean": 0.0652861297488889,
      "stddev": 0.0034874764997847507,
      "arg": 0
    },
    "are_we_fast_yet/nbody": {
      "mean": 0.06475924388956524,
      "stddev": 0.003381155561602746,
      "arg": 0
    },
    "are_we_fast_yet/permute": {
      "mean": 0.06921540799272728,
      "stddev": 0.003121836158079642,
      "arg": 0
    },
    "are_we_fast_yet/queens": {
      "mean": 0.06897329000347828,
      "stddev": 0.004786974102981852,
      "arg": 0
    },
    "are_we_fast_yet/sieve": {
      "mean": 0.06455462414153847,
      "stddev": 0.0029233076826600452,
      "arg": 0
    },
    "are_we_fast_yet/storage": {
      "mean": 0.07155761152454547,
      "stddev": 0.005375123708249295,
      "arg": 0
    },
    "are_we_fast_yet/towers": {
      "mean": 0.07005220181365854,
      "stddev": 0.002921563603125042,
      "arg": 0
    }
  },
  "python": {
    "are_we_fast_yet/bounce": {
      "mean": 0.021460266864210528,
      "stddev": 0.0016779433538596212,
      "arg": 0
    },
    "are_we_fast_yet/list_tail": {
      "mean": 0.02063670928333333,
      "stddev": 0.001683667146615565,
      "arg": 0
    },
    "are_we_fast_yet/mandelbrot": {
      "mean": 0.018896085335384616,
      "stddev": 0.0018006340740972194,
      "arg": 0
    },
    "are_we_fast_yet/nbody": {
      "mean": 0.019064491095081976,
      "stddev": 0.0014017162888144,
      "arg": 0
    },
    "are_we_fast_yet/permute": {
      "mean": 0.021542662169918708,
      "stddev": 0.0014353554406058065,
      "arg": 0
    },
    "are_we_fast_yet/queens": {
      "mean": 0.020715107268333335,
      "stddev": 0.0013380186085765959,
      "arg": 0
    },
    "are_we_fast_yet/sieve": {
      "mean": 0.020073066380000004,
      "stddev": 0.001181752697809252,
      "arg": 0
    },
    "are_we_fast_yet/storage": {
      "mean": 0.024235956141785694,
      "stddev": 0.0022646134667174004,
      "arg": 0
    },
    "are_we_fast_yet/towers": {
      "mean": 0.023714617274234233,
      "stddev": 0.0019521911105151843,
      "arg": 0
    }
  },
  "java": {
    "are_we_fast_yet/bounce": {
      "mean": 0.2107735266714286,
      "stddev": 0.00852384307508484,
      "arg": 0
    },
    "are_we_fast_yet/list_tail": {
      "mean": 0.21434315472666668,
      "stddev": 0.012968896499056772,
      "arg": 0
    },
    "are_we_fast_yet/mandelbrot": {
      "mean": 0.21267723001142858,
      "stddev": 0.0077516853766887335,
      "arg": 0
    },
    "are_we_fast_yet/nbody": {
      "mean": 0.2136122449584616,
      "stddev": 0.007778436223115883,
      "arg": 0
    },
    "are_we_fast_yet/permute": {
      "mean": 0.21771627211999997,
      "stddev": 0.009569598339978388,
      "arg": 0
    },
    "are_we_fast_yet/queens": {
      "mean": 0.21126149925428578,
      "stddev": 0.007426535295635053,
      "arg": 0
    },
    "are_we_fast_yet/sieve": {
      "mean": 0.21347493637666667,
      "stddev": 0.012438674259756796,
      "arg": 0
    },
    "are_we_fast_yet/storage": {
      "mean": 0.21654032331692313,
      "stddev": 0.011593606821970855,
      "arg": 0
    },
    "are_we_fast_yet/towers": {
      "mean": 0.22140692899999997,
      "stddev": 0.011495209223726177,
      "arg": 0
    }
  },
  "cpp": {
    "are_we_fast_yet/bounce": {
      "mean": 0.001504476687628867,
      "stddev": 0.00021834398642079457,
      "arg": 0
    },
    "are_we_fast_yet/list_tail": {
      "mean": 0.0015930259280294674,
      "stddev": 0.00022190825452661334,
      "arg": 0
    },
    "are_we_fast_yet/mandelbrot": {
      "mean": 0.0015217403774619275,
      "stddev": 0.0002225355413902194,
      "arg": 0
    },
    "are_we_fast_yet/nbody": {
      "mean": 0.0015926281562340069,
      "stddev": 0.00024171473719572547,
      "arg": 0
    },
    "are_we_fast_yet/permute": {
      "mean": 0.0016252954597202782,
      "stddev": 0.00022301628378266762,
      "arg": 0
    },
    "are_we_fast_yet/queens": {
      "mean": 0.0014593590983698523,
      "stddev": 0.0002444534679539259,
      "arg": 0
    },
    "are_we_fast_yet/sieve": {
      "mean": 0.00153143883479554,
      "stddev": 0.00024046845664467506,
      "arg": 0
    },
    "are_we_fast_yet/storage": {
      "mean": 0.0022998469105856827,
      "stddev": 0.00033090153504730673,
      "arg": 0
    },
    "are_we_fast_yet/towers": {
      "mean": 0.001577257033853819,
      "stddev": 0.0001916734696883464,
      "arg": 0
    }
  },
  "rust": {
    "duality_of_compilation/erase_unused": {
      "mean": 5.76646331236,
      "stddev": 0.13046329082774175,
      "arg": 10000
    },
    "duality_of_compilation/factorial_accumulator": {
      "mean": 0.19533039397333335,
      "stddev": 0.004386466002695689,
      "arg": 10000000
    },
    "duality_of_compilation/fibonacci_recursive": {
      "mean": 1.06010710472,
      "stddev": 0.02155581545732531,
      "arg": 40
    },
    "duality_of_compilation/iterate_increment": {
      "mean": 0.8664943132199999,
      "stddev": 0.014683593239487286,
      "arg": 100000000
    },
    "duality_of_compilation/lookup_tree": {
      "arg": 10000000
    },
    "duality_of_compilation/match_options": {
      "arg": 10000000
    },
    "duality_of_compilation/sum_range": {
      "arg": 10000000
    }
  },
  "koka": {
    "duality_of_compilation/erase_unused": {
      "mean": 14.41440863506,
      "stddev": 0.2351072930828715,
      "arg": 10000
    },
    "duality_of_compilation/factorial_accumulator": {
      "mean": 0.1581369085252632,
      "stddev": 0.004597978434777803,
      "arg": 10000000
    },
    "duality_of_compilation/fibonacci_recursive": {
      "mean": 0.64043836744,
      "stddev": 0.014315387876902235,
      "arg": 40
    },
    "duality_of_compilation/iterate_increment": {
      "mean": 0.89035071612,
      "stddev": 0.023511511866966796,
      "arg": 100000000
    },
    "duality_of_compilation/lookup_tree": {
      "mean": 3.5721684780399996,
      "stddev": 0.16979720421578176,
      "arg": 10000000
    },
    "duality_of_compilation/match_options": {
      "mean": 0.62978322848,
      "stddev": 0.052887398315560705,
      "arg": 10000000
    },
    "duality_of_compilation/sum_range": {
      "mean": 3.5532120170600003,
      "stddev": 0.06667129015622639,
      "arg": 10000000
    }
  },
  "mlton": {
    "duality_of_compilation/erase_unused": {
      "mean": 0.027637705728888896,
      "stddev": 0.0015512416590775832,
      "arg": 10000
    },
    "duality_of_compilation/factorial_accumulator": {
      "mean": 0.15642709535894736,
      "stddev": 0.005388907897808079,
      "arg": 10000000
    },
    "duality_of_compilation/fibonacci_recursive": {
      "mean": 1.0072004858799999,
      "stddev": 0.013864169483067922,
      "arg": 40
    },
    "duality_of_compilation/iterate_increment": {
      "mean": 0.07074882746000002,
      "stddev": 0.0029832524162895085,
      "arg": 100000000
    },
    "duality_of_compilation/lookup_tree": {
      "mean": 0.44847536373999997,
      "stddev": 0.05422332081980511,
      "arg": 10000000
    },
    "duality_of_compilation/match_options": {
      "mean": 0.14488462898363638,
      "stddev": 0.015348056949641913,
      "arg": 10000000
    },
    "duality_of_compilation/sum_range": {
      "mean": 0.5229921193999999,
      "stddev": 0.09962583629239292,
      "arg": 10000000
    }
  },
  "ocaml": {
    "duality_of_compilation/erase_unused": {
      "mean": 0.20044939053428568,
      "stddev": 0.005931589982913306,
      "arg": 10000
    },
    "duality_of_compilation/factorial_accumulator": {
      "mean": 0.06875840874232558,
      "stddev": 0.0015878062791486653,
      "arg": 10000000
    },
    "duality_of_compilation/fibonacci_recursive": {
      "mean": 0.61791629068,